{
  "global_weights": {
    "form": 0.15805606700221125,
    "kri": 0.13762602475332092,
    "jockey_trainer": 0.2633595991859556,
    "pace": 0.06534352448684592,
    "weight_carried": 0.0026108893172426405,
    "barrier": 0.017387184091992816,
    "horse_profile": 0.1380014658249707,
    "closing_ability": 0.1371502907668036,
    "class_fitness": 0.0804649545706566
  },
  "distance_weights": {
    "sprint": {
      "form": 0.12274396081544373,
      "kri": 0.06352500847685204,
      "jockey_trainer": 0.1391316085551672,
      "pace": 0.06580676536202708,
      "weight_carried": 0.008912064667707512,
      "barrier": 0.01053234558416252,
      "horse_profile": 0.1792008279802074,
      "closing_ability": 0.14878963450627355,
      "class_fitness": 0.261357784052159
    },
    "short": {
      "form": 0.10400912124588775,
      "kri": 0.05116536122912509,
      "jockey_trainer": 0.08565771143832418,
      "pace": 0.09708323127145595,
      "weight_carried": 0.09583785347842165,
      "barrier": 0.0416834532522053,
      "horse_profile": 0.23600700546047151,
      "closing_ability": 0.19169379434378617,
      "class_fitness": 0.09686246828032238
    },
    "middle": {
      "form": 0.1482373388655691,
      "kri": 0.12742350595542204,
      "jockey_trainer": 0.07651706808014003,
      "pace": 0.06361092904282102,
      "weight_carried": 0.08552888724620941,
      "barrier": 0.09937080268987676,
      "horse_profile": 0.1396557296635294,
      "closing_ability": 0.1421158609322783,
      "class_fitness": 0.11753987752415396
    },
    "classic": {
      "form": 0.09257728546874164,
      "kri": 0.024909376361732086,
      "jockey_trainer": 0.19770855549292296,
      "pace": 0.008331521418496541,
      "weight_carried": 0.1909476453772784,
      "barrier": 0.19066943002346942,
      "horse_profile": 0.024472027449388627,
      "closing_ability": 0.1874024950756363,
      "class_fitness": 0.082981663332334
    },
    "staying": {
      "form": 0.009145680288992812,
      "kri": 0.20078452467901445,
      "jockey_trainer": 0.0401980025219971,
      "pace": 0.011812198741346987,
      "weight_carried": 0.20498121890681098,
      "barrier": 0.029553939076813755,
      "horse_profile": 0.22606377616369183,
      "closing_ability": 0.017277924843120445,
      "class_fitness": 0.2601827347782117
    }
  },
  "dc_weights": {
    "classic|good": {
      "form": 0.45263157894736844,
      "kri": 0.12631578947368421,
      "jockey_trainer": 0.08421052631578949,
      "class_fitness": 0.0736842105263158,
      "weight_carried": 0.0736842105263158,
      "pace": 0.052631578947368425,
      "closing_ability": 0.04210526315789474,
      "barrier": 0.04210526315789474,
      "horse_profile": 0.052631578947368425
    },
    "classic|soft": {
      "form": 0.032142009040154365,
      "kri": 0.0023414922618942707,
      "jockey_trainer": 0.22786771113311804,
      "pace": 0.04138625518999643,
      "weight_carried": 0.09637537292487064,
      "barrier": 0.08709948050965101,
      "horse_profile": 0.17773969537236287,
      "closing_ability": 0.056110906303172524,
      "class_fitness": 0.27893707726477984
    },
    "middle|good": {
      "form": 0.23461051692744875,
      "kri": 0.028527946446692556,
      "jockey_trainer": 0.12133387366054867,
      "pace": 0.017269771185041465,
      "weight_carried": 0.07315152283847699,
      "barrier": 0.1904500796344012,
      "horse_profile": 0.17920973376569388,
      "closing_ability": 0.13089582939366112,
      "class_fitness": 0.02455072614803538
    },
    "middle|soft": {
      "form": 0.1807398239105387,
      "kri": 0.11812589355525292,
      "jockey_trainer": 0.0681716332714836,
      "pace": 0.004307750830535392,
      "weight_carried": 0.22440835364666628,
      "barrier": 0.03546908198969866,
      "horse_profile": 0.1981875915467329,
      "closing_ability": 0.1553954145139475,
      "class_fitness": 0.015194456735143937
    },
    "short|good": {
      "form": 0.12039836933661494,
      "kri": 0.23945320757982202,
      "jockey_trainer": 0.154200726305838,
      "pace": 0.04594122243706542,
      "weight_carried": 0.04033412290746223,
      "barrier": 0.059489851338324656,
      "horse_profile": 0.1744026340339961,
      "closing_ability": 0.08374128777685103,
      "class_fitness": 0.08203857828402569
    },
    "short|soft": {
      "form": 0.13991546822728249,
      "kri": 0.061911879572220115,
      "jockey_trainer": 0.1366173711872135,
      "pace": 0.025161947736290224,
      "weight_carried": 0.14894656270184126,
      "barrier": 0.04734288648104644,
      "horse_profile": 0.12011850630068939,
      "closing_ability": 0.17966926948747527,
      "class_fitness": 0.1403161083059414
    },
    "sprint|good": {
      "form": 0.22669538250025117,
      "kri": 0.19026964165043964,
      "jockey_trainer": 0.0571851354032567,
      "pace": 0.14875973515360474,
      "weight_carried": 0.04206373175906007,
      "barrier": 0.04623949919833528,
      "horse_profile": 0.20673107405339305,
      "closing_ability": 0.062269961638622626,
      "class_fitness": 0.01978583864303666
    },
    "sprint|soft": {
      "form": 0.1438326408012137,
      "kri": 0.04819626737879409,
      "jockey_trainer": 0.39618547382560493,
      "pace": 0.12238477044072664,
      "weight_carried": 0.025958716901593445,
      "barrier": 0.0080815344794881,
      "horse_profile": 0.0034802064001416655,
      "closing_ability": 0.10952903433382226,
      "class_fitness": 0.1423513554386152
    },
    "staying|good": {
      "form": 0.02071761965728544,
      "kri": 0.13727718169330144,
      "jockey_trainer": 0.3260980337087297,
      "pace": 0.08524871729932604,
      "weight_carried": 0.07779222451309069,
      "barrier": 0.00909308287342399,
      "horse_profile": 0.03842992970934923,
      "closing_ability": 0.2094985421308977,
      "class_fitness": 0.09584466841459577
    }
  },
  "dcc_weights": {
    "middle|good|benchmark": {
      "form": 0.041141190089342146,
      "kri": 0.1778257678998639,
      "jockey_trainer": 0.030835969074451873,
      "pace": 0.12239876533388024,
      "weight_carried": 0.006591808282893431,
      "barrier": 0.09797020409379074,
      "horse_profile": 0.2197006427056531,
      "closing_ability": 0.09788988364419994,
      "class_fitness": 0.20564576887592462
    },
    "middle|good|handicap": {
      "form": 0.13734242300092858,
      "kri": 0.14096503378774947,
      "jockey_trainer": 0.022510404473539577,
      "pace": 0.017208600700920406,
      "weight_carried": 0.1993289938681728,
      "barrier": 0.0303200411746835,
      "horse_profile": 0.08494905237836164,
      "closing_ability": 0.15323125898228204,
      "class_fitness": 0.2141441916333621
    },
    "middle|good|maiden": {
      "form": 0.0827600436090597,
      "kri": 0.20293077454489672,
      "jockey_trainer": 0.13927282300605065,
      "pace": 0.06417452120905046,
      "weight_carried": 0.232531407650935,
      "barrier": 0.06931861819138233,
      "horse_profile": 0.07477648667380438,
      "closing_ability": 0.04560406028491571,
      "class_fitness": 0.0886312648299051
    },
    "middle|good|open": {
      "form": 0.20810465428119407,
      "kri": 0.03003855929556836,
      "jockey_trainer": 0.09442784981367858,
      "pace": 0.14316120173381192,
      "weight_carried": 0.19753180685606053,
      "barrier": 0.07430246176349725,
      "horse_profile": 0.21001356855369352,
      "closing_ability": 0.021507564589141815,
      "class_fitness": 0.020912333113353915
    },
    "middle|soft|benchmark": {
      "form": 0.13282393857947683,
      "kri": 0.11165883324955976,
      "jockey_trainer": 0.03893167937352522,
      "pace": 0.047042553596352024,
      "weight_carried": 0.16538473120980599,
      "barrier": 0.07944986187490216,
      "horse_profile": 0.15857185348834754,
      "closing_ability": 0.03266448709346181,
      "class_fitness": 0.23347206153456862
    },
    "short|good|benchmark": {
      "form": 0.058476096109024454,