{
  "global_weights": {
    "form": 0.11879969571857214,
    "kri": 0.07061378329234713,
    "jockey_trainer": 0.07705668263564812,
    "pace": 0.02473388635101732,
    "weight_carried": 0.08060135788965385,
    "barrier": 0.01471797691099357,
    "horse_profile": 0.20678320244211057,
    "closing_ability": 0.10480479061075135,
    "class_fitness": 0.03863573598754701,
    "momentum": 0.2019306190535025,
    "freshness": 0.061322269107856466
  },
  "distance_weights": {
    "sprint": {
      "form": 0.11933240061401773,
      "kri": 0.06123380452508878,
      "jockey_trainer": 0.05899703130456588,
      "pace": 0.07290413197640422,
      "weight_carried": 0.10084543937164082,
      "barrier": 0.010852701221564155,
      "horse_profile": 0.006890388666484267,
      "closing_ability": 0.2090952634420789,
      "class_fitness": 0.17586236877890332,
      "momentum": 0.16743144357887113,
      "freshness": 0.01655502652038082
    },
    "short": {
      "form": 0.04278985229075147,
      "kri": 0.07102742079548471,
      "jockey_trainer": 0.35098989991808605,
      "pace": 0.02417083474202657,
      "weight_carried": 0.04940921974433341,
      "barrier": 0.024621497038142006,
      "horse_profile": 0.06082884719219804,
      "closing_ability": 0.07664533363580452,
      "class_fitness": 0.06700400163805927,
      "momentum": 0.1316220718116088,
      "freshness": 0.10089102119350517
    },
    "middle": {
      "form": 0.09989381602201788,
      "kri": 0.08045859933514954,
      "jockey_trainer": 0.11545617770366515,
      "pace": 0.006464321806993814,
      "weight_carried": 0.006287694701954374,
      "barrier": 0.01812089184283986,
      "horse_profile": 0.1113394166253684,
      "closing_ability": 0.11583078245002586,
      "class_fitness": 0.11408873756101125,
      "momentum": 0.2443617420071535,
      "freshness": 0.08769781994382031
    },
    "classic": {
      "form": 0.11936819176135229,
      "kri": 0.14838805860927642,
      "jockey_trainer": 0.03498868645570106,
      "pace": 0.04701831980628526,
      "weight_carried": 0.08516294150106495,
      "barrier": 0.1652956219212304,
      "horse_profile": 0.0588844190568406,
      "closing_ability": 0.0889113450103066,
      "class_fitness": 0.07367092945909125,
      "momentum": 0.1244306399106265,
      "freshness": 0.053880846508224736
    },
    "staying": {
      "form": 0.004651816520919275,
      "kri": 0.3040770433326792,
      "jockey_trainer": 0.08021952777119871,
      "pace": 0.14597293643897796,
      "weight_carried": 0.04814864785351753,
      "barrier": 0.001430229943504792,
      "horse_profile": 0.07410684970793303,
      "closing_ability": 0.17468919643335692,
      "class_fitness": 0.09180240230613922,
      "momentum": 0.03823901754016443,
      "freshness": 0.036662332151608995
    }
  },
  "dc_weights": {
    "classic|good": {
      "form": 0.05371469120356517,
      "kri": 0.008830005197181225,
      "jockey_trainer": 0.14519832318375467,
      "pace": 0.072335519394697,
      "weight_carried": 0.2061820275591656,
      "barrier": 0.06144762895027142,
      "horse_profile": 0.07213564563740191,
      "closing_ability": 0.09553183171631133,
      "class_fitness": 0.030808387542682163,
      "momentum": 0.1759807915420268,
      "freshness": 0.07783514807294263
    },
    "classic|soft": {
      "form": 0.01875687952578192,
      "kri": 0.12858069104270298,
      "jockey_trainer": 0.20786490112431974,
      "pace": 0.012571455874534652,
      "weight_carried": 0.07463276649213531,
      "barrier": 0.014178467614524518,
      "horse_profile": 0.023263906325702105,
      "closing_ability": 0.14389109258854194,
      "class_fitness": 0.0737608088422905,
      "momentum": 0.1512998640436258,
      "freshness": 0.15119916652584048
    },
    "middle|good": {
      "form": 0.0862836726948952,
      "kri": 0.07876861712780218,
      "jockey_trainer": 0.07592983102397717,
      "pace": 0.022434808424342614,
      "weight_carried": 0.05196520407343227,
      "barrier": 0.008036632555836882,
      "horse_profile": 0.07727516378800274,
      "closing_ability": 0.10357635332300515,
      "class_fitness": 0.14836288305116763,
      "momentum": 0.2026189253916471,
      "freshness": 0.14474790854589106
    },
    "middle|soft": {
      "form": 0.14414462898084823,
      "kri": 0.1874508740439548,
      "jockey_trainer": 0.012009782018583392,
      "pace": 0.047093859188246684,
      "weight_carried": 0.05545544990198567,
      "barrier": 0.04513203105277265,
      "horse_profile": 0.10824433856848316,
      "closing_ability": 0.051378860516480815,
      "class_fitness": 0.2014397463734836,
      "momentum": 0.06332908407817564,
      "freshness": 0.08432134527698534
    },
    "short|good": {
      "form": 0.05424691098495835,
      "kri": 0.4608710336242459,
      "jockey_trainer": 0.013560502724183781,
      "pace": 0.025628316276026242,
      "weight_carried": 0.048536882564555725,
      "barrier": 0.042526106365224976,
      "horse_profile": 0.053730612542802675,
      "closing_ability": 0.051905424680488504,
      "class_fitness": 0.051491138084726204,
      "momentum": 0.12636429146598063,
      "freshness": 0.07113878068680698
    },
    "short|heavy": {
      "form": 0.0028796617294313564,
      "kri": 0.09214277033440839,
      "jockey_trainer": 0.0753238223841026,
      "pace": 0.18026880083545732,
      "weight_carried": 0.0876830835931714,
      "barrier": 0.04765311819238681,
      "horse_profile": 0.022622331178286315,
      "closing_ability": 0.21295608463639032,
      "class_fitness": 0.17668226327978614,
      "momentum": 0.024447406853306528,
      "freshness": 0.0773406569832728
    },
    "short|soft": {
      "form": 0.15277563303267774,
      "kri": 0.06542244054365864,
      "jockey_trainer": 0.10029080885108388,
      "pace": 0.01833553526498711,
      "weight_carried": 0.08667690497730698,
      "barrier": 0.021474525640602145,
      "horse_profile": 0.07045488295640297,
      "closing_ability": 0.15847370289487492,
      "class_fitness": 0.014776558418858377,
      "momentum": 0.16148824051787025,
      "freshness": 0.1498307669016769
    },
    "sprint|good": {
      "form": 0.05272710516960083,
      "kri": 0.01843506016557501,
      "jockey_trainer": 0.18007478955188744,
      "pace": 0.09040167222695424,
      "weight_carried": 0.08099152197167232,
      "barrier": 0.03701847239279824,
      "horse_profile": 0.18387390712143917,
      "closing_ability": 0.07209393459374097,
      "class_fitness": 0.17222979544708578,
      "momentum": 0.0996856635710416,
      "freshness": 0.01246807778820434
    },
    "sprint|soft": {
      "form": 0.05709585246678743,
      "kri": 0.1595954754901237,
      "jockey_trainer": 0.11266429877156012,
      "pace": 0.06722680525520904,
      "weight_carried": 0.04883808928453527,
      "barrier": 0.0007475106990256144,
      "horse_profile": 0.23737371027170576,
      "closing_ability": 0.06513588814236133,
      "class_fitness": 0.03568638080045391,
      "momentum": 0.18256479316940602,
      "freshness": 0.03307119564883184
    },
    "staying|good": {
      "form": 0.04974786447090322,
      "kri": 0.1588402777812435,
      "jockey_trainer": 0.15623192530759572,
      "pace": 0.12418791810302415,
      "weight_carried": 0.03642472018350564,
      "barrier": 0.02331635768877411,
      "horse_profile": 0.12549068830106236,
      "closing_ability": 0.005919566484867691,
      "class_fitness": 0.2288029543639794,
      "momentum": 0.03750986560308788,
      "freshness": 0.0535278617119563
    }
  },
  "dcc_weights": {
    "classic|good|benchmark": {
      "form": 0.11311198979466998,
      "kri": 0.1624015063875283,
      "jockey_trainer": 0.0013689773700931106,
      "pace": 0.019628651631346007,
      "weight_carried": 0.015518045969844846,
      "barrier": 0.009317255009511648,
      "horse_profile": 0.04296195986091429,
      "closing_ability": 0.21121073566537152,
      "class_fitness": 0.16195284486972444,