{
  "factors": [
    "form",
    "kri",
    "jockey_trainer",
    "pace",
    "weight_carried",
    "barrier",
    "horse_profile",
    "closing_ability",
    "class_fitness",
    "momentum",
    "freshness",
    "speed_rating",
    "jt_context"
  ],
  "global_weights": {
    "form": 0.07421870565393623,
    "kri": 0.04982197118794307,
    "jockey_trainer": 0.04943482474019136,
    "pace": 0.026204390613034062,
    "weight_carried": 0.007913190758420717,
    "barrier": 0.020350302003848374,
    "horse_profile": 0.15136097455279487,
    "closing_ability": 0.031557383014575606,
    "class_fitness": 0.0065695519766184205,
    "momentum": 0.20910971721287058,
    "freshness": 0.00852660844050243,
    "speed_rating": 0.3390590526403937,
    "jt_context": 0.025873327204870625
  },
  "distance_weights": {
    "sprint": {
      "form": 0.05945760765771918,
      "kri": 0.03040123389897654,
      "jockey_trainer": 0.1165652205750928,
      "pace": 0.05249301533132647,
      "weight_carried": 0.04107652731480841,
      "barrier": 0.08431301650150068,
      "horse_profile": 0.07300113345307159,
      "closing_ability": 0.03022369724634191,
      "class_fitness": 0.02942805160624572,
      "momentum": 0.2457815661016285,
      "freshness": 0.05215595731852319,
      "speed_rating": 0.16927612714038415,
      "jt_context": 0.01582684585438093
    },
    "short": {
      "form": 0.12117726360785969,
      "kri": 0.17457782485284112,
      "jockey_trainer": 0.11708495550281342,
      "pace": 0.059630168095434345,
      "weight_carried": 0.003278532817328853,
      "barrier": 0.001253507183423132,
      "horse_profile": 0.0030232182766425984,
      "closing_ability": 0.03063969469554997,
      "class_fitness": 0.007202896824462971,
      "momentum": 0.13498397994952402,
      "freshness": 0.07225742316590762,
      "speed_rating": 0.24606568921453775,
      "jt_context": 0.028824845813674567
    },
    "middle": {
      "form": 0.06414540119023505,
      "kri": 0.06722795670911164,
      "jockey_trainer": 0.19625138579380372,
      "pace": 0.011609352765136513,
      "weight_carried": 0.005297310043326771,
      "barrier": 0.024667700238306632,
      "horse_profile": 0.096559936393108,
      "closing_ability": 0.026229008641911553,
      "class_fitness": 0.06927984033197215,
      "momentum": 0.10680692460274162,
      "freshness": 0.10279404357626036,
      "speed_rating": 0.18734977427062757,
      "jt_context": 0.04178136544345843
    },
    "classic": {
      "form": 0.03621994633632042,
      "kri": 0.09932532102962205,
      "jockey_trainer": 0.038301045830988895,
      "pace": 0.0342536938300013,
      "weight_carried": 0.08688249013693625,
      "barrier": 0.052073463750324754,
      "horse_profile": 0.07383004947400937,
      "closing_ability": 0.04147471332923714,
      "class_fitness": 0.15726026446810423,
      "momentum": 0.14189730116337088,
      "freshness": 0.1260357010505897,
      "speed_rating": 0.08375403080243467,
      "jt_context": 0.028691978798060364
    },
    "staying": {
      "form": 0.035739270083055,
      "kri": 0.0006122860256555998,
      "jockey_trainer": 0.14391863094952392,
      "pace": 0.1546539070750321,
      "weight_carried": 0.05745256160030224,
      "barrier": 0.011583384495511839,
      "horse_profile": 0.17711528763563134,
      "closing_ability": 0.016059250708094403,
      "class_fitness": 0.03901678155507009,
      "momentum": 0.056915179128145615,
      "freshness": 0.10371873822764521,
      "speed_rating": 0.18517303119609366,
      "jt_context": 0.01804169132023904
    }
  },
  "dc_weights": {
    "classic|good": {
      "form": 0.09173094997451647,
      "kri": 0.004637435266762609,
      "jockey_trainer": 0.0633476753336234,
      "pace": 0.09650575707316444,
      "weight_carried": 0.04943074131091216,
      "barrier": 0.008130386912658064,
      "horse_profile": 0.0030442351033972094,
      "closing_ability": 0.046024707806485154,
      "class_fitness": 0.01329217317122755,
      "momentum": 0.1455171229221142,
      "freshness": 0.10882120923657096,
      "speed_rating": 0.3181910182774825,
      "jt_context": 0.051326587611085384
    },
    "classic|soft": {
      "form": 0.0671395537972418,
      "kri": 0.050516900621817754,
      "jockey_trainer": 0.000932219865354035,
      "pace": 0.06569762605612721,
      "weight_carried": 0.06500540010849379,
      "barrier": 0.11048163705675178,
      "horse_profile": 0.11547983422471667,
      "closing_ability": 0.03770235283452074,
      "class_fitness": 0.15656312533844063,
      "momentum": 0.13602695696632222,
      "freshness": 0.06608654452927747,
      "speed_rating": 0.10693276001504447,
      "jt_context": 0.021435088585891493
    },
    "middle|good": {
      "form": 0.07249166870313398,
      "kri": 0.012415143467559944,
      "jockey_trainer": 0.13542595488705855,
      "pace": 0.016190099984496092,
      "weight_carried": 0.011616414081184651,
      "barrier": 0.03916872894402915,
      "horse_profile": 0.07731470458675198,
      "closing_ability": 0.03284664726583899,
      "class_fitness": 0.039843838300828625,
      "momentum": 0.11563594814301395,
      "freshness": 0.21524224778795106,
      "speed_rating": 0.18809851382435977,
      "jt_context": 0.043710090023793204
    },
    "middle|soft": {
      "form": 0.0563123577507503,
      "kri": 0.023974467105937872,
      "jockey_trainer": 0.006588723065238993,
      "pace": 0.05913447678465364,
      "weight_carried": 0.051203148445020955,
      "barrier": 0.013276177326616598,
      "horse_profile": 0.28450587514145814,
      "closing_ability": 0.0957963627604681,
      "class_fitness": 0.1789616149830403,
      "momentum": 0.06465629085875718,
      "freshness": 0.06638792107363742,
      "speed_rating": 0.047006768360991436,
      "jt_context": 0.05219581634342909
    },
    "short|good": {
      "form": 0.11195476044522548,
      "kri": 0.08268714257631198,
      "jockey_trainer": 0.030416734323538436,
      "pace": 0.0174351967293633,
      "weight_carried": 0.039936719352263374,
      "barrier": 0.0035661903261147254,
      "horse_profile": 0.017671194990879463,
      "closing_ability": 0.00686961735437649,
      "class_fitness": 0.06769483572263954,
      "momentum": 0.11757079017296973,
      "freshness": 0.03121841420486724,
      "speed_rating": 0.3408368090285203,
      "jt_context": 0.13214159477292992
    },
    "short|heavy": {
      "form": 0.10780885497317438,
      "kri": 0.04032135370480824,
      "jockey_trainer": 0.0512187618368654,
      "pace": 0.05916116117022697,
      "weight_carried": 0.07877810015992132,
      "barrier": 0.04959517279692072,
      "horse_profile": 0.08883722968170706,
      "closing_ability": 0.055924953963122,
      "class_fitness": 0.06315001822441135,
      "momentum": 0.12175901405707566,
      "freshness": 0.07326157555425165,
      "speed_rating": 0.08002905233359255,
      "jt_context": 0.13015475154392264
    },
    "short|soft": {
      "form": 0.05055524142501854,
      "kri": 0.09009485064475765,
      "jockey_trainer": 0.12220078168892144,
      "pace": 0.02520832363388921,
      "weight_carried": 0.13571058476582928,
      "barrier": 0.0244451113042118,
      "horse_profile": 0.010518519903293404,
      "closing_ability": 0.07086675336598018,
      "class_fitness": 0.14235505689088826,
      "momentum": 0.11007230515970085,
      "freshness": 0.09933729964665795,
      "speed_rating": 0.07501510527779552,
      "jt_context": 0.04362006629305592
    },
    "sprint|good": {
      "form": 0.048750217002589316,
      "kri": 0.10934620730143442,
      "jockey_trainer": 0.03155871446002025,
      "pace": 0.033658256675950016,
      "weight_carried": 0.039192921574252054,
      "barrier": 0.06965893046046506,
      "horse_profile": 0.052978345230995184,
      "closing_ability": 0.031420125811033636,
      "class_fitness": 0.28353938773575493,
      "momentum": 0.12317922016058751,
      "freshness": 0.060394553853776664,